,Label (Grouping),Unemployed,Government workers,No health insurance coverage,Families w/ income below poverty,Married-couple household with children of the householder under 18 years,Bachelor's degree or higher,Residence 1 year ago in a different state,Residence 1 year ago abroad,Foreign born,Vacant housing units,Built 1939 or earlier,Renteroccupied,Lacking complete plumbing facilities,Housing units with a mortgage,SMOCAPI 35pct. or more for housing units with a mortgage,65 years and over,White non-Hispanics,"$200,000 or more total household income",Mobile home,Homeowner vacancy,SFHA Penetration Rate,Coastal County
0,"Anderson County, Texas",0.017,0.22699999999999998,0.16899999999999998,0.106,0.184,0.12,0.008,0.003,0.06,0.18100000000000002,0.07400000000000001,0.311,0.002,0.43,0.203,0.145,0.573,0.026000000000000002,0.22399999999999998,0.013999999999999999,0.039,0.0
1,"Angelina County, Texas",0.037000000000000005,0.17600000000000002,0.192,0.127,0.182,0.18,0.018000000000000002,0.003,0.083,0.145,0.032,0.337,0.002,0.43799999999999994,0.14,0.162,0.597,0.027999999999999997,0.18899999999999997,0.013000000000000001,0.192,0.0
2,"Aransas County, Texas",0.04,0.18,0.16,0.14800000000000002,0.069,0.248,0.018000000000000002,0.006999999999999999,0.040999999999999995,0.327,0.012,0.209,0.032,0.33399999999999996,0.331,0.273,0.6629999999999999,0.063,0.168,0.046,0.5710000000000001,1.0
3,"Archer County, Texas",0.02,0.155,0.168,0.081,0.19899999999999998,0.225,0.004,0.002,0.037000000000000005,0.136,0.055,0.157,0.012,0.387,0.147,0.20199999999999999,0.877,0.07200000000000001,0.105,0.01,0.413,0.0
4,"Atascosa County, Texas",0.037000000000000005,0.17600000000000002,0.195,0.107,0.223,0.14800000000000002,0.006,0.002,0.068,0.15,0.03,0.222,0.004,0.413,0.172,0.147,0.319,0.057,0.33299999999999996,0.021,0.08199999999999999,0.0
5,"Austin County, Texas",0.035,0.10300000000000001,0.154,0.086,0.226,0.239,0.009000000000000001,0.001,0.1,0.135,0.086,0.20199999999999999,0.005,0.449,0.23399999999999999,0.196,0.607,0.07200000000000001,0.213,0.006,0.478,0.0
6,"Bailey County, Texas",0.013999999999999999,0.038,0.324,0.036000000000000004,0.22699999999999998,0.15,0.024,0.0,0.21899999999999997,0.225,0.015,0.26,0.0,0.423,0.013000000000000001,0.134,0.317,0.024,0.08900000000000001,0.0,0.04,0.0
7,"Bandera County, Texas",0.036000000000000004,0.11900000000000001,0.154,0.092,0.113,0.275,0.004,0.005,0.061,0.267,0.06,0.11699999999999999,0.003,0.444,0.235,0.273,0.752,0.057,0.27699999999999997,0.031,0.10800000000000001,0.0
8,"Bastrop County, Texas",0.025,0.175,0.18600000000000003,0.086,0.23,0.231,0.018000000000000002,0.002,0.11599999999999999,0.122,0.059000000000000004,0.214,0.015,0.57,0.17600000000000002,0.15,0.493,0.073,0.24100000000000002,0.009000000000000001,0.19899999999999998,0.0
9,"Baylor County, Texas",0.018000000000000002,0.10800000000000001,0.179,0.10800000000000001,0.151,0.19699999999999998,0.013000000000000001,0.0,0.027999999999999997,0.322,0.157,0.317,0.013000000000000001,0.172,0.2,0.24,0.752,0.043,0.083,0.0,0.023,0.0
10,"Bee County, Texas",0.031,0.252,0.157,0.157,0.215,0.11900000000000001,0.01,0.001,0.031,0.19699999999999998,0.055,0.327,0.004,0.336,0.235,0.12300000000000001,0.304,0.031,0.136,0.0,0.14300000000000002,0.0
11,"Bell County, Texas",0.045,0.217,0.138,0.111,0.204,0.266,0.053,0.011000000000000001,0.077,0.106,0.022000000000000002,0.45899999999999996,0.003,0.647,0.19399999999999998,0.109,0.44,0.038,0.063,0.024,0.266,0.0
12,"Bexar County, Texas",0.036000000000000004,0.142,0.156,0.11599999999999999,0.19699999999999998,0.3,0.024,0.006,0.131,0.078,0.045,0.413,0.005,0.615,0.21,0.121,0.265,0.064,0.027999999999999997,0.013000000000000001,0.24100000000000002,0.0
13,"Blanco County, Texas",0.025,0.17600000000000002,0.153,0.1,0.15,0.257,0.028999999999999998,0.0,0.067,0.21100000000000002,0.107,0.235,0.002,0.474,0.13699999999999998,0.248,0.747,0.067,0.13699999999999998,0.027999999999999997,0.109,0.0
14,"Bosque County, Texas",0.021,0.184,0.168,0.10400000000000001,0.18100000000000002,0.184,0.027000000000000003,0.001,0.064,0.24600000000000002,0.10400000000000001,0.24,0.002,0.391,0.21600000000000003,0.245,0.76,0.035,0.174,0.033,0.040999999999999995,0.0
15,"Bowie County, Texas",0.023,0.19,0.147,0.126,0.162,0.22899999999999998,0.021,0.002,0.044000000000000004,0.14,0.039,0.369,0.004,0.474,0.161,0.16399999999999998,0.626,0.045,0.136,0.012,0.151,0.0
16,"Brazoria County, Texas",0.032,0.158,0.134,0.057,0.27,0.313,0.013999999999999999,0.002,0.135,0.11,0.01,0.264,0.004,0.618,0.16399999999999998,0.11800000000000001,0.447,0.11699999999999999,0.096,0.01,0.38799999999999996,1.0
17,"Brazos County, Texas",0.027000000000000003,0.245,0.12300000000000001,0.125,0.179,0.42200000000000004,0.026000000000000002,0.009000000000000001,0.124,0.121,0.016,0.516,0.005,0.575,0.23800000000000002,0.094,0.545,0.065,0.065,0.009000000000000001,0.415,0.0
18,"Brewster County, Texas",0.022000000000000002,0.306,0.127,0.09300000000000001,0.172,0.46,0.02,0.0,0.127,0.19899999999999998,0.131,0.401,0.009000000000000001,0.381,0.09,0.231,0.496,0.027000000000000003,0.193,0.027000000000000003,0.16899999999999998,0.0
19,"Brooks County, Texas",0.008,0.244,0.22699999999999998,0.307,0.151,0.18,0.026000000000000002,0.024,0.106,0.297,0.08199999999999999,0.369,0.01,0.175,0.34,0.18899999999999997,0.071,0.0,0.11900000000000001,0.012,0.055,0.0
20,"Brown County, Texas",0.03,0.152,0.16899999999999998,0.10300000000000001,0.17,0.19399999999999998,0.01,0.001,0.040999999999999995,0.22,0.079,0.293,0.005,0.434,0.242,0.198,0.703,0.032,0.153,0.02,0.132,0.0
21,"Burleson County, Texas",0.031,0.205,0.139,0.08900000000000001,0.16899999999999998,0.21100000000000002,0.003,0.003,0.062,0.22699999999999998,0.051,0.22699999999999998,0.01,0.32299999999999995,0.213,0.207,0.637,0.036000000000000004,0.303,0.028999999999999998,0.09,0.0
22,"Burnet County, Texas",0.021,0.121,0.18100000000000002,0.059000000000000004,0.19899999999999998,0.278,0.011000000000000001,0.004,0.08,0.22399999999999998,0.027000000000000003,0.198,0.006,0.466,0.28,0.22699999999999998,0.7240000000000001,0.073,0.17600000000000002,0.006,0.45399999999999996,0.0
23,"Caldwell County, Texas",0.013999999999999999,0.18100000000000002,0.24100000000000002,0.078,0.207,0.16,0.01,0.001,0.11699999999999999,0.106,0.066,0.292,0.004,0.523,0.184,0.145,0.379,0.046,0.276,0.015,0.337,0.0
24,"Calhoun County, Texas",0.026000000000000002,0.177,0.136,0.063,0.207,0.174,0.008,0.01,0.126,0.276,0.013999999999999999,0.25,0.013000000000000001,0.379,0.1,0.177,0.408,0.047,0.146,0.013000000000000001,0.392,1.0
25,"Cameron County, Texas",0.034,0.183,0.285,0.231,0.231,0.19,0.005,0.006,0.228,0.155,0.021,0.348,0.006,0.401,0.22399999999999998,0.135,0.085,0.024,0.11,0.013000000000000001,0.23199999999999998,1.0
26,"Carson County, Texas",0.013999999999999999,0.237,0.102,0.033,0.192,0.261,0.012,0.0,0.02,0.179,0.24100000000000002,0.16,0.006,0.426,0.094,0.20800000000000002,0.848,0.06,0.07,0.008,0.08800000000000001,0.0
27,"Cass County, Texas",0.045,0.154,0.147,0.131,0.156,0.17300000000000001,0.006999999999999999,0.0,0.026000000000000002,0.185,0.047,0.228,0.009000000000000001,0.344,0.204,0.21899999999999997,0.757,0.025,0.20199999999999999,0.015,0.049,0.0
28,"Chambers County, Texas",0.055999999999999994,0.14800000000000002,0.142,0.125,0.305,0.239,0.023,0.0,0.08199999999999999,0.099,0.035,0.154,0.009000000000000001,0.612,0.162,0.11599999999999999,0.649,0.135,0.162,0.006,0.34700000000000003,1.0
29,"Cherokee County, Texas",0.037000000000000005,0.20199999999999999,0.207,0.124,0.20600000000000002,0.174,0.006999999999999999,0.008,0.10099999999999999,0.129,0.068,0.272,0.005,0.414,0.19,0.17300000000000001,0.591,0.03,0.201,0.012,0.124,0.0
30,"Clay County, Texas",0.01,0.209,0.14400000000000002,0.062,0.19699999999999998,0.231,0.019,0.003,0.027999999999999997,0.19899999999999998,0.08,0.192,0.017,0.42200000000000004,0.134,0.222,0.883,0.051,0.153,0.028999999999999998,0.08800000000000001,0.0
31,"Coke County, Texas",0.015,0.228,0.133,0.047,0.10400000000000001,0.204,0.009000000000000001,0.0,0.048,0.37,0.047,0.28800000000000003,0.0,0.301,0.23600000000000002,0.266,0.738,0.048,0.21899999999999997,0.057,0.018000000000000002,0.0
32,"Coleman County, Texas",0.036000000000000004,0.16399999999999998,0.242,0.142,0.14400000000000002,0.19,0.006,0.0,0.065,0.35100000000000003,0.16699999999999998,0.265,0.008,0.342,0.204,0.264,0.758,0.034,0.147,0.02,0.035,0.0
33,"Collin County, Texas",0.03,0.098,0.106,0.047,0.318,0.534,0.031,0.01,0.218,0.06,0.006,0.354,0.002,0.706,0.17800000000000002,0.109,0.541,0.182,0.017,0.01,0.29,0.0
34,"Collingsworth County, Texas",0.031,0.17300000000000001,0.253,0.22899999999999998,0.21600000000000003,0.23600000000000002,0.027000000000000003,0.0,0.09300000000000001,0.318,0.28,0.22899999999999998,0.003,0.275,0.184,0.18899999999999997,0.575,0.025,0.067,0.006999999999999999,0.08900000000000001,0.0
35,"Colorado County, Texas",0.025,0.125,0.162,0.043,0.149,0.207,0.013000000000000001,0.004,0.098,0.303,0.1,0.168,0.011000000000000001,0.306,0.275,0.218,0.547,0.059000000000000004,0.184,0.025,0.17,0.0
36,"Comal County, Texas",0.022000000000000002,0.135,0.111,0.043,0.221,0.396,0.027000000000000003,0.005,0.06,0.099,0.031,0.24100000000000002,0.003,0.608,0.19399999999999998,0.18100000000000002,0.6559999999999999,0.135,0.09,0.012,0.515,0.0
37,"Comanche County, Texas",0.045,0.192,0.157,0.08900000000000001,0.171,0.193,0.003,0.0,0.085,0.261,0.114,0.166,0.013999999999999999,0.322,0.193,0.235,0.68,0.031,0.16699999999999998,0.008,0.098,0.0
38,"Cooke County, Texas",0.024,0.127,0.16399999999999998,0.10800000000000001,0.204,0.22,0.011000000000000001,0.003,0.076,0.083,0.06,0.307,0.005,0.499,0.16399999999999998,0.183,0.737,0.075,0.11900000000000001,0.012,0.152,0.0
39,"Coryell County, Texas",0.026000000000000002,0.292,0.126,0.079,0.249,0.17300000000000001,0.07400000000000001,0.021,0.057999999999999996,0.157,0.033,0.395,0.002,0.578,0.17800000000000002,0.10300000000000001,0.5670000000000001,0.025,0.059000000000000004,0.02,0.188,0.0
40,"Crockett County, Texas",0.01,0.311,0.204,0.08,0.126,0.162,0.008,0.0,0.10800000000000001,0.27399999999999997,0.139,0.413,0.0,0.244,0.376,0.215,0.379,0.0,0.132,0.042,0.055999999999999994,0.0
41,"Crosby County, Texas",0.028999999999999998,0.21600000000000003,0.21,0.18,0.168,0.145,0.003,0.005,0.059000000000000004,0.278,0.05,0.258,0.006,0.272,0.163,0.183,0.381,0.035,0.126,0.045,0.14300000000000002,0.0
42,"Culberson County, Texas",0.064,0.209,0.28,0.262,0.065,0.172,0.003,0.0,0.142,0.359,0.094,0.256,0.0,0.19699999999999998,0.29600000000000004,0.217,0.12,0.0,0.204,0.013999999999999999,0.063,0.0
43,"Dallam County, Texas",0.019,0.113,0.295,0.064,0.20800000000000002,0.157,0.026000000000000002,0.049,0.282,0.215,0.124,0.271,0.0,0.419,0.07200000000000001,0.105,0.519,0.043,0.151,0.009000000000000001,0.077,0.0
44,"Dallas County, Texas",0.035,0.09300000000000001,0.214,0.111,0.192,0.33,0.018000000000000002,0.009000000000000001,0.245,0.079,0.035,0.495,0.003,0.595,0.243,0.10800000000000001,0.27899999999999997,0.087,0.015,0.011000000000000001,0.348,0.0
45,"Dawson County, Texas",0.04,0.24,0.168,0.193,0.179,0.13699999999999998,0.006999999999999999,0.006999999999999999,0.046,0.14300000000000002,0.083,0.303,0.0,0.32899999999999996,0.268,0.14300000000000002,0.311,0.037000000000000005,0.064,0.008,0.09,0.0
46,"Denton County, Texas",0.03,0.114,0.109,0.045,0.281,0.473,0.027999999999999997,0.006999999999999999,0.159,0.052000000000000005,0.009000000000000001,0.349,0.002,0.731,0.17,0.10400000000000001,0.569,0.154,0.028999999999999998,0.008,0.27,0.0
47,"DeWitt County, Texas",0.031,0.161,0.165,0.133,0.205,0.126,0.005,0.0,0.03,0.281,0.165,0.292,0.005,0.289,0.138,0.19399999999999998,0.535,0.045,0.149,0.025,0.191,0.0
48,"Dimmit County, Texas",0.025,0.231,0.141,0.368,0.10800000000000001,0.13,0.001,0.0,0.102,0.28,0.028999999999999998,0.368,0.005,0.273,0.579,0.17,0.098,0.006,0.251,0.003,0.059000000000000004,0.0
49,"Donley County, Texas",0.0,0.161,0.163,0.078,0.114,0.157,0.047,0.0,0.025,0.392,0.217,0.273,0.012,0.27,0.188,0.22699999999999998,0.79,0.018000000000000002,0.16899999999999998,0.043,0.022000000000000002,0.0
50,"Duval County, Texas",0.055,0.133,0.22,0.18600000000000003,0.142,0.08800000000000001,0.0,0.002,0.028999999999999998,0.37200000000000005,0.062,0.278,0.008,0.237,0.265,0.168,0.096,0.021,0.114,0.01,0.026000000000000002,0.0
51,"Eastland County, Texas",0.028999999999999998,0.19,0.171,0.132,0.162,0.214,0.006999999999999999,0.005,0.047,0.29100000000000004,0.17600000000000002,0.26899999999999996,0.009000000000000001,0.297,0.18100000000000002,0.217,0.7809999999999999,0.055999999999999994,0.153,0.059000000000000004,0.079,0.0
52,"Ector County, Texas",0.042,0.121,0.21600000000000003,0.114,0.242,0.163,0.024,0.004,0.156,0.086,0.011000000000000001,0.345,0.006,0.457,0.185,0.094,0.3,0.066,0.16699999999999998,0.013000000000000001,0.125,0.0
53,"Ellis County, Texas",0.027000000000000003,0.138,0.161,0.063,0.268,0.263,0.013000000000000001,0.002,0.078,0.061,0.042,0.249,0.004,0.636,0.165,0.127,0.579,0.09,0.086,0.008,0.322,0.0
54,"El Paso County, Texas",0.040999999999999995,0.204,0.213,0.166,0.21600000000000003,0.247,0.027000000000000003,0.009000000000000001,0.23600000000000002,0.083,0.043,0.369,0.005,0.552,0.256,0.122,0.115,0.037000000000000005,0.057,0.017,0.166,0.0
55,"Erath County, Texas",0.034,0.145,0.149,0.079,0.196,0.309,0.024,0.004,0.079,0.177,0.071,0.37,0.001,0.501,0.235,0.139,0.735,0.043,0.157,0.009000000000000001,0.12,0.0
56,"Fannin County, Texas",0.026000000000000002,0.17300000000000001,0.168,0.084,0.19699999999999998,0.18600000000000003,0.015,0.002,0.047,0.146,0.10099999999999999,0.262,0.002,0.446,0.203,0.184,0.7759999999999999,0.065,0.141,0.006,0.215,0.0
57,"Fayette County, Texas",0.019,0.128,0.11699999999999999,0.069,0.17300000000000001,0.23,0.003,0.0,0.083,0.341,0.122,0.171,0.005,0.35200000000000004,0.19899999999999998,0.253,0.7020000000000001,0.063,0.147,0.013000000000000001,0.114,0.0
58,"Floyd County, Texas",0.026000000000000002,0.183,0.23800000000000002,0.127,0.19399999999999998,0.149,0.0,0.0,0.081,0.284,0.156,0.257,0.0,0.32299999999999995,0.068,0.185,0.359,0.019,0.028999999999999998,0.024,0.021,0.0
59,"Foard County, Texas",0.055999999999999994,0.348,0.16899999999999998,0.10400000000000001,0.068,0.17,0.013999999999999999,0.0,0.036000000000000004,0.345,0.33399999999999996,0.242,0.034,0.21600000000000003,0.442,0.349,0.6779999999999999,0.032,0.09,0.10099999999999999,0.2,0.0
60,"Fort Bend County, Texas",0.037000000000000005,0.125,0.122,0.057,0.35,0.48100000000000004,0.016,0.011000000000000001,0.293,0.047,0.008,0.22399999999999998,0.003,0.669,0.20800000000000002,0.113,0.311,0.171,0.027999999999999997,0.01,0.48100000000000004,0.0
61,"Franklin County, Texas",0.04,0.156,0.151,0.046,0.205,0.292,0.01,0.008,0.068,0.315,0.059000000000000004,0.18600000000000003,0.002,0.445,0.10300000000000001,0.217,0.772,0.11199999999999999,0.095,0.009000000000000001,0.188,0.0
62,"Freestone County, Texas",0.013000000000000001,0.196,0.11599999999999999,0.098,0.21100000000000002,0.16,0.001,0.002,0.068,0.276,0.075,0.22699999999999998,0.002,0.365,0.205,0.195,0.647,0.062,0.245,0.024,0.051,0.0
63,"Frio County, Texas",0.024,0.145,0.166,0.2,0.14300000000000002,0.08900000000000001,0.005,0.086,0.183,0.242,0.037000000000000005,0.341,0.01,0.365,0.342,0.122,0.152,0.027000000000000003,0.261,0.013999999999999999,0.023,0.0
64,"Gaines County, Texas",0.02,0.163,0.305,0.122,0.314,0.107,0.021,0.003,0.27,0.094,0.013999999999999999,0.25,0.009000000000000001,0.41600000000000004,0.142,0.086,0.544,0.053,0.226,0.008,0.052000000000000005,0.0
65,"Galveston County, Texas",0.036000000000000004,0.177,0.132,0.079,0.214,0.332,0.018000000000000002,0.004,0.099,0.145,0.052000000000000005,0.321,0.005,0.58,0.17800000000000002,0.14400000000000002,0.56,0.114,0.037000000000000005,0.016,0.7909999999999999,1.0
66,"Gillespie County, Texas",0.027000000000000003,0.115,0.184,0.086,0.149,0.35200000000000004,0.01,0.006999999999999999,0.091,0.198,0.11699999999999999,0.294,0.004,0.41700000000000004,0.265,0.28800000000000003,0.7340000000000001,0.077,0.127,0.021,0.14400000000000002,0.0
67,"Goliad County, Texas",0.02,0.20199999999999999,0.113,0.067,0.205,0.18100000000000002,0.009000000000000001,0.0,0.055,0.243,0.084,0.19399999999999998,0.004,0.354,0.102,0.23,0.5720000000000001,0.069,0.188,0.009000000000000001,0.09,0.0
68,"Gonzales County, Texas",0.005,0.114,0.203,0.10300000000000001,0.166,0.136,0.004,0.001,0.11800000000000001,0.159,0.08800000000000001,0.316,0.015,0.304,0.22899999999999998,0.16699999999999998,0.40399999999999997,0.048,0.231,0.003,0.18,0.0
69,"Gray County, Texas",0.028999999999999998,0.159,0.207,0.136,0.21600000000000003,0.146,0.031,0.002,0.096,0.212,0.107,0.271,0.004,0.38299999999999995,0.193,0.156,0.614,0.038,0.043,0.017,0.013999999999999999,0.0
70,"Grayson County, Texas",0.025,0.121,0.168,0.086,0.19,0.218,0.017,0.004,0.066,0.12,0.08800000000000001,0.327,0.003,0.499,0.187,0.17600000000000002,0.74,0.051,0.096,0.013000000000000001,0.187,0.0
71,"Gregg County, Texas",0.023,0.114,0.18,0.127,0.185,0.212,0.012,0.001,0.08199999999999999,0.12,0.035,0.401,0.002,0.509,0.16699999999999998,0.153,0.562,0.046,0.08,0.023,0.146,0.0
72,"Grimes County, Texas",0.024,0.209,0.16,0.128,0.174,0.17600000000000002,0.008,0.001,0.065,0.203,0.045,0.239,0.012,0.382,0.161,0.177,0.579,0.044000000000000004,0.196,0.022000000000000002,0.09,0.0
73,"Guadalupe County, Texas",0.027999999999999997,0.157,0.11900000000000001,0.07400000000000001,0.24600000000000002,0.287,0.027000000000000003,0.003,0.069,0.07400000000000001,0.028999999999999998,0.218,0.004,0.605,0.166,0.139,0.489,0.07400000000000001,0.142,0.017,0.392,0.0
74,"Hale County, Texas",0.027000000000000003,0.161,0.23,0.129,0.201,0.16699999999999998,0.015,0.002,0.10099999999999999,0.174,0.064,0.376,0.006999999999999999,0.392,0.17300000000000001,0.132,0.32299999999999995,0.018000000000000002,0.08,0.013999999999999999,0.04,0.0
75,"Hamilton County, Texas",0.019,0.182,0.159,0.159,0.133,0.21600000000000003,0.006,0.0,0.049,0.33299999999999996,0.146,0.183,0.005,0.363,0.249,0.24600000000000002,0.8340000000000001,0.039,0.064,0.027000000000000003,0.013000000000000001,0.0
76,"Hardin County, Texas",0.024,0.131,0.16399999999999998,0.084,0.212,0.187,0.006999999999999999,0.002,0.018000000000000002,0.142,0.023,0.17600000000000002,0.008,0.433,0.138,0.16899999999999998,0.851,0.055999999999999994,0.255,0.018000000000000002,0.397,0.0
77,"Harris County, Texas",0.044000000000000004,0.107,0.21100000000000002,0.126,0.218,0.325,0.013999999999999999,0.009000000000000001,0.262,0.09,0.027000000000000003,0.451,0.004,0.588,0.213,0.106,0.28300000000000003,0.096,0.026000000000000002,0.015,0.503,1.0
78,"Harrison County, Texas",0.038,0.12300000000000001,0.153,0.122,0.193,0.21100000000000002,0.013999999999999999,0.001,0.049,0.166,0.066,0.256,0.003,0.45399999999999996,0.195,0.172,0.625,0.043,0.21,0.008,0.08199999999999999,0.0
79,"Hartley County, Texas",0.004,0.158,0.175,0.07200000000000001,0.22899999999999998,0.231,0.006999999999999999,0.0,0.084,0.11800000000000001,0.09,0.33899999999999997,0.0,0.5379999999999999,0.271,0.14400000000000002,0.585,0.024,0.165,0.017,0.25,0.0
80,"Haskell County, Texas",0.036000000000000004,0.222,0.198,0.085,0.139,0.177,0.005,0.005,0.046,0.348,0.16899999999999998,0.285,0.005,0.24100000000000002,0.221,0.22399999999999998,0.637,0.049,0.136,0.055999999999999994,0.08900000000000001,0.0
81,"Hays County, Texas",0.038,0.177,0.139,0.077,0.23,0.387,0.018000000000000002,0.003,0.09300000000000001,0.061,0.012,0.379,0.002,0.679,0.192,0.111,0.516,0.094,0.08900000000000001,0.012,0.451,0.0
82,"Henderson County, Texas",0.032,0.13699999999999998,0.184,0.126,0.158,0.182,0.016,0.001,0.048,0.23,0.02,0.242,0.006999999999999999,0.405,0.193,0.221,0.764,0.046,0.27699999999999997,0.024,0.07,0.0
83,"Hidalgo County, Texas",0.046,0.174,0.308,0.251,0.266,0.195,0.006999999999999999,0.006,0.261,0.132,0.011000000000000001,0.325,0.011000000000000001,0.414,0.262,0.11,0.057,0.03,0.149,0.018000000000000002,0.11900000000000001,0.0
84,"Hill County, Texas",0.033,0.145,0.168,0.094,0.17800000000000002,0.17300000000000001,0.006999999999999999,0.005,0.07200000000000001,0.19399999999999998,0.087,0.258,0.006999999999999999,0.428,0.183,0.20199999999999999,0.695,0.043,0.17,0.019,0.107,0.0
85,"Hockley County, Texas",0.035,0.139,0.191,0.131,0.218,0.17,0.006999999999999999,0.004,0.084,0.13699999999999998,0.059000000000000004,0.282,0.008,0.39899999999999997,0.161,0.14400000000000002,0.45,0.024,0.152,0.013000000000000001,0.057,0.0
86,"Hood County, Texas",0.035,0.134,0.13699999999999998,0.061,0.2,0.304,0.023,0.003,0.031,0.135,0.013999999999999999,0.198,0.009000000000000001,0.5539999999999999,0.207,0.248,0.83,0.08199999999999999,0.174,0.018000000000000002,0.252,0.0
87,"Hopkins County, Texas",0.027999999999999997,0.129,0.195,0.095,0.201,0.21,0.01,0.004,0.078,0.121,0.068,0.312,0.002,0.429,0.22399999999999998,0.18100000000000002,0.722,0.044000000000000004,0.126,0.011000000000000001,0.13699999999999998,0.0
88,"Houston County, Texas",0.019,0.212,0.155,0.11699999999999999,0.14300000000000002,0.14300000000000002,0.003,0.002,0.03,0.322,0.071,0.311,0.008,0.332,0.22,0.21600000000000003,0.608,0.045,0.217,0.035,0.066,0.0
89,"Howard County, Texas",0.028999999999999998,0.17300000000000001,0.17300000000000001,0.11199999999999999,0.192,0.13699999999999998,0.021,0.006,0.105,0.131,0.044000000000000004,0.325,0.003,0.441,0.188,0.127,0.466,0.04,0.078,0.009000000000000001,0.040999999999999995,0.0
90,"Hudspeth County, Texas",0.021,0.247,0.213,0.196,0.087,0.084,0.036000000000000004,0.18100000000000002,0.426,0.249,0.005,0.23800000000000002,0.061,0.21,0.374,0.141,0.188,0.0,0.494,0.012,0.019,0.0
91,"Hunt County, Texas",0.033,0.142,0.162,0.096,0.2,0.213,0.012,0.003,0.069,0.11199999999999999,0.038,0.311,0.005,0.514,0.221,0.158,0.698,0.049,0.158,0.009000000000000001,0.127,0.0
92,"Irion County, Texas",0.04,0.193,0.146,0.136,0.18,0.183,0.0,0.0,0.036000000000000004,0.2,0.13699999999999998,0.16399999999999998,0.013000000000000001,0.325,0.512,0.174,0.6809999999999999,0.032,0.152,0.021,0.055999999999999994,0.0
93,"Jack County, Texas",0.031,0.183,0.18899999999999997,0.106,0.177,0.14800000000000002,0.01,0.018000000000000002,0.05,0.237,0.094,0.289,0.009000000000000001,0.424,0.141,0.17300000000000001,0.764,0.043,0.18100000000000002,0.012,0.077,0.0
94,"Jackson County, Texas",0.024,0.162,0.162,0.091,0.244,0.155,0.01,0.0,0.069,0.257,0.051,0.27899999999999997,0.0,0.40299999999999997,0.255,0.18,0.5770000000000001,0.023,0.162,0.013000000000000001,0.171,1.0
95,"Jasper County, Texas",0.073,0.18100000000000002,0.193,0.205,0.16899999999999998,0.131,0.011000000000000001,0.001,0.031,0.217,0.03,0.20199999999999999,0.009000000000000001,0.322,0.214,0.201,0.7390000000000001,0.04,0.278,0.022000000000000002,0.10800000000000001,0.0
96,"Jeff Davis County, Texas",0.0,0.22,0.209,0.168,0.068,0.272,0.013000000000000001,0.0,0.127,0.425,0.057999999999999996,0.1,0.016,0.153,0.18,0.369,0.743,0.04,0.174,0.01,0.017,0.0
97,"Jefferson County, Texas",0.031,0.145,0.21,0.146,0.163,0.191,0.013000000000000001,0.005,0.121,0.14400000000000002,0.042,0.38299999999999995,0.004,0.43700000000000006,0.201,0.14300000000000002,0.391,0.054000000000000006,0.037000000000000005,0.013000000000000001,0.525,1.0
98,"Jim Hogg County, Texas",0.027999999999999997,0.151,0.23600000000000002,0.24,0.157,0.132,0.0,0.0,0.026000000000000002,0.368,0.095,0.327,0.0,0.402,0.16899999999999998,0.129,0.067,0.006999999999999999,0.11199999999999999,0.076,0.015,0.0
99,"Jim Wells County, Texas",0.024,0.16,0.191,0.16,0.19,0.156,0.004,0.001,0.035,0.207,0.044000000000000004,0.29600000000000004,0.021,0.364,0.21100000000000002,0.155,0.17600000000000002,0.031,0.127,0.009000000000000001,0.19,0.0
100,"Johnson County, Texas",0.021,0.11,0.163,0.075,0.251,0.205,0.011000000000000001,0.002,0.044000000000000004,0.064,0.019,0.255,0.006,0.579,0.16399999999999998,0.139,0.6970000000000001,0.051,0.192,0.019,0.243,0.0
101,"Jones County, Texas",0.021,0.207,0.16899999999999998,0.098,0.188,0.121,0.009000000000000001,0.0,0.042,0.175,0.12300000000000001,0.182,0.013999999999999999,0.386,0.10300000000000001,0.154,0.564,0.017,0.127,0.013999999999999999,0.1,0.0
102,"Karnes County, Texas",0.013999999999999999,0.244,0.159,0.142,0.18100000000000002,0.159,0.01,0.048,0.099,0.23600000000000002,0.095,0.314,0.004,0.25,0.124,0.141,0.345,0.08800000000000001,0.16899999999999998,0.032,0.073,0.0
103,"Kaufman County, Texas",0.033,0.158,0.139,0.079,0.281,0.222,0.019,0.002,0.083,0.065,0.03,0.218,0.002,0.625,0.18899999999999997,0.115,0.5870000000000001,0.067,0.134,0.013999999999999999,0.18,0.0
104,"Kendall County, Texas",0.026000000000000002,0.129,0.124,0.031,0.267,0.475,0.022000000000000002,0.006999999999999999,0.069,0.091,0.039,0.23199999999999998,0.004,0.573,0.185,0.188,0.708,0.192,0.06,0.023,0.32799999999999996,0.0
105,"Kerr County, Texas",0.02,0.127,0.182,0.076,0.145,0.29100000000000004,0.015,0.002,0.068,0.128,0.043,0.316,0.01,0.41600000000000004,0.209,0.272,0.6709999999999999,0.057,0.18899999999999997,0.027999999999999997,0.205,0.0
106,"Kimble County, Texas",0.013000000000000001,0.20800000000000002,0.17800000000000002,0.114,0.161,0.281,0.006999999999999999,0.0,0.047,0.342,0.113,0.22899999999999998,0.003,0.226,0.083,0.284,0.726,0.092,0.203,0.057999999999999996,0.07200000000000001,0.0
107,"Kinney County, Texas",0.006999999999999999,0.501,0.177,0.077,0.039,0.16699999999999998,0.019,0.009000000000000001,0.127,0.305,0.126,0.255,0.011000000000000001,0.19,0.075,0.249,0.33899999999999997,0.0,0.139,0.062,0.231,0.0
108,"Kleberg County, Texas",0.031,0.252,0.151,0.21899999999999997,0.151,0.23,0.013999999999999999,0.0,0.061,0.16699999999999998,0.040999999999999995,0.449,0.009000000000000001,0.467,0.213,0.13,0.198,0.023,0.059000000000000004,0.006,0.193,1.0
109,"Knox County, Texas",0.021,0.166,0.192,0.07,0.19,0.149,0.002,0.011000000000000001,0.08900000000000001,0.315,0.17,0.177,0.0,0.228,0.102,0.184,0.563,0.013000000000000001,0.04,0.01,0.02,0.0
110,"Lamar County, Texas",0.02,0.14300000000000002,0.17800000000000002,0.124,0.159,0.195,0.017,0.001,0.036000000000000004,0.12,0.044000000000000004,0.35,0.002,0.42,0.188,0.19,0.7290000000000001,0.021,0.078,0.01,0.107,0.0
111,"Lamb County, Texas",0.018000000000000002,0.14400000000000002,0.23600000000000002,0.138,0.182,0.126,0.008,0.001,0.102,0.221,0.071,0.249,0.015,0.28300000000000003,0.065,0.16899999999999998,0.381,0.036000000000000004,0.086,0.005,0.04,0.0
112,"Lampasas County, Texas",0.035,0.182,0.15,0.049,0.222,0.182,0.016,0.002,0.052000000000000005,0.177,0.069,0.19899999999999998,0.006999999999999999,0.556,0.222,0.20199999999999999,0.71,0.043,0.17300000000000001,0.01,0.113,0.0
113,"La Salle County, Texas",0.006999999999999999,0.222,0.21100000000000002,0.19699999999999998,0.223,0.077,0.006999999999999999,0.028999999999999998,0.057999999999999996,0.217,0.165,0.218,0.002,0.358,0.268,0.15,0.122,0.018000000000000002,0.256,0.003,0.013000000000000001,0.0
114,"Lavaca County, Texas",0.019,0.16399999999999998,0.114,0.08,0.18600000000000003,0.179,0.006,0.002,0.047,0.233,0.132,0.25,0.005,0.34700000000000003,0.149,0.23399999999999999,0.7240000000000001,0.055,0.149,0.009000000000000001,0.19399999999999998,0.0
115,"Lee County, Texas",0.016,0.18100000000000002,0.165,0.102,0.19899999999999998,0.14300000000000002,0.002,0.001,0.091,0.21600000000000003,0.07400000000000001,0.20800000000000002,0.003,0.429,0.22,0.195,0.621,0.028999999999999998,0.21,0.001,0.10400000000000001,0.0
116,"Leon County, Texas",0.032,0.196,0.18100000000000002,0.14300000000000002,0.179,0.172,0.006999999999999999,0.002,0.055,0.317,0.054000000000000006,0.235,0.002,0.299,0.095,0.242,0.754,0.057,0.36,0.028999999999999998,0.04,0.0
117,"Liberty County, Texas",0.042,0.128,0.24,0.115,0.223,0.099,0.012,0.0,0.102,0.152,0.026000000000000002,0.195,0.006,0.41,0.222,0.126,0.591,0.044000000000000004,0.298,0.027000000000000003,0.095,0.0
118,"Limestone County, Texas",0.021,0.242,0.187,0.152,0.157,0.157,0.006999999999999999,0.001,0.095,0.228,0.096,0.247,0.004,0.36200000000000004,0.256,0.192,0.564,0.026000000000000002,0.214,0.012,0.125,0.0
119,"Lipscomb County, Texas",0.039,0.233,0.187,0.113,0.253,0.255,0.025,0.001,0.141,0.223,0.122,0.24,0.004,0.353,0.092,0.159,0.599,0.066,0.09,0.019,0.1,0.0
120,"Live Oak County, Texas",0.016,0.184,0.15,0.163,0.132,0.128,0.006,0.002,0.052000000000000005,0.35200000000000004,0.035,0.20600000000000002,0.015,0.275,0.09,0.193,0.561,0.035,0.21,0.039,0.076,0.0
121,"Llano County, Texas",0.02,0.16,0.159,0.057,0.07400000000000001,0.308,0.011000000000000001,0.002,0.042,0.39299999999999996,0.023,0.207,0.003,0.474,0.27699999999999997,0.364,0.8490000000000001,0.09699999999999999,0.128,0.015,0.42700000000000005,0.0
122,"Lubbock County, Texas",0.028999999999999998,0.177,0.134,0.11199999999999999,0.174,0.321,0.021,0.006,0.063,0.096,0.027000000000000003,0.445,0.005,0.555,0.18,0.124,0.521,0.057999999999999996,0.049,0.01,0.11800000000000001,0.0
123,"McCulloch County, Texas",0.046,0.18100000000000002,0.19699999999999998,0.132,0.11900000000000001,0.14,0.005,0.0,0.055999999999999994,0.259,0.18899999999999997,0.301,0.005,0.355,0.109,0.22,0.621,0.019,0.08,0.046,0.10400000000000001,0.0
124,"McLennan County, Texas",0.028999999999999998,0.136,0.14,0.128,0.18,0.263,0.027000000000000003,0.004,0.084,0.10300000000000001,0.047,0.408,0.002,0.529,0.177,0.14400000000000002,0.5489999999999999,0.053,0.055,0.01,0.111,0.0
125,"McMullen County, Texas",0.019,0.18899999999999997,0.24100000000000002,0.129,0.247,0.154,0.0,0.0,0.055999999999999994,0.466,0.10099999999999999,0.16699999999999998,0.027000000000000003,0.258,0.1,0.13,0.35,0.065,0.256,0.0,0.019,0.0
126,"Madison County, Texas",0.033,0.159,0.155,0.098,0.209,0.11800000000000001,0.006999999999999999,0.001,0.10400000000000001,0.215,0.055,0.235,0.015,0.321,0.315,0.151,0.539,0.037000000000000005,0.254,0.011000000000000001,0.052000000000000005,0.0
127,"Marion County, Texas",0.055999999999999994,0.145,0.122,0.09699999999999999,0.099,0.153,0.006,0.002,0.02,0.28300000000000003,0.045,0.237,0.006999999999999999,0.284,0.29100000000000004,0.263,0.7040000000000001,0.027999999999999997,0.29,0.003,0.251,0.0
128,"Martin County, Texas",0.037000000000000005,0.215,0.105,0.071,0.316,0.21,0.0,0.0,0.09699999999999999,0.114,0.043,0.294,0.002,0.32,0.318,0.11599999999999999,0.505,0.037000000000000005,0.17,0.0,0.095,0.0
129,"Mason County, Texas",0.019,0.222,0.126,0.024,0.22,0.349,0.011000000000000001,0.0,0.045,0.377,0.19899999999999998,0.20600000000000002,0.0,0.444,0.13699999999999998,0.295,0.782,0.05,0.084,0.012,0.055,0.0
130,"Matagorda County, Texas",0.035,0.133,0.184,0.158,0.145,0.198,0.008,0.009000000000000001,0.111,0.262,0.045,0.312,0.005,0.27899999999999997,0.22699999999999998,0.168,0.424,0.034,0.142,0.011000000000000001,0.122,1.0
131,"Medina County, Texas",0.017,0.191,0.139,0.10099999999999999,0.226,0.226,0.002,0.001,0.057999999999999996,0.13699999999999998,0.054000000000000006,0.192,0.003,0.46299999999999997,0.21,0.168,0.418,0.06,0.261,0.009000000000000001,0.128,0.0
132,"Menard County, Texas",0.049,0.253,0.267,0.161,0.054000000000000006,0.272,0.0,0.0,0.051,0.38799999999999996,0.22899999999999998,0.309,0.023,0.222,0.21600000000000003,0.342,0.586,0.064,0.154,0.026000000000000002,0.064,0.0
133,"Midland County, Texas",0.023,0.08900000000000001,0.162,0.094,0.264,0.28800000000000003,0.02,0.006999999999999999,0.138,0.075,0.013000000000000001,0.32899999999999996,0.005,0.5429999999999999,0.17800000000000002,0.10099999999999999,0.434,0.13699999999999998,0.106,0.006999999999999999,0.278,0.0
134,"Milam County, Texas",0.036000000000000004,0.146,0.15,0.128,0.18899999999999997,0.162,0.021,0.0,0.047,0.154,0.08,0.259,0.006,0.38,0.205,0.207,0.613,0.040999999999999995,0.14800000000000002,0.006,0.054000000000000006,0.0
135,"Montague County, Texas",0.038,0.135,0.153,0.09,0.177,0.175,0.003,0.001,0.036000000000000004,0.235,0.08199999999999999,0.22,0.003,0.40299999999999997,0.204,0.213,0.851,0.033,0.142,0.004,0.10099999999999999,0.0
136,"Montgomery County, Texas",0.03,0.127,0.147,0.066,0.275,0.364,0.018000000000000002,0.006,0.138,0.08199999999999999,0.006999999999999999,0.273,0.003,0.626,0.16899999999999998,0.131,0.637,0.156,0.132,0.008,0.415,0.0
137,"Moore County, Texas",0.013000000000000001,0.134,0.19899999999999998,0.121,0.284,0.129,0.002,0.005,0.26,0.156,0.027999999999999997,0.35200000000000004,0.0,0.498,0.168,0.11199999999999999,0.311,0.026000000000000002,0.14800000000000002,0.011000000000000001,0.25,0.0
138,"Morris County, Texas",0.032,0.161,0.115,0.096,0.21100000000000002,0.129,0.011000000000000001,0.001,0.054000000000000006,0.17800000000000002,0.055,0.264,0.013999999999999999,0.392,0.175,0.214,0.63,0.012,0.132,0.008,0.06,0.0
139,"Nacogdoches County, Texas",0.044000000000000004,0.18600000000000003,0.166,0.158,0.17600000000000002,0.247,0.011000000000000001,0.002,0.076,0.16,0.045,0.42200000000000004,0.008,0.41100000000000003,0.16399999999999998,0.14800000000000002,0.5870000000000001,0.048,0.172,0.008,0.1,0.0
140,"Navarro County, Texas",0.031,0.155,0.196,0.106,0.18100000000000002,0.166,0.019,0.006,0.132,0.17,0.077,0.318,0.006999999999999999,0.469,0.265,0.168,0.5379999999999999,0.046,0.16899999999999998,0.009000000000000001,0.14300000000000002,0.0
141,"Newton County, Texas",0.053,0.21600000000000003,0.21600000000000003,0.163,0.16699999999999998,0.083,0.009000000000000001,0.001,0.008,0.271,0.038,0.18100000000000002,0.04,0.301,0.237,0.20800000000000002,0.73,0.022000000000000002,0.342,0.013000000000000001,0.158,0.0
142,"Nolan County, Texas",0.047,0.182,0.17600000000000002,0.126,0.182,0.163,0.016,0.008,0.065,0.221,0.09,0.35100000000000003,0.005,0.28300000000000003,0.217,0.183,0.535,0.026000000000000002,0.07400000000000001,0.024,0.10300000000000001,0.0
143,"Nueces County, Texas",0.037000000000000005,0.155,0.184,0.132,0.182,0.21899999999999997,0.016,0.003,0.08900000000000001,0.139,0.027999999999999997,0.41100000000000003,0.006,0.526,0.214,0.145,0.284,0.055999999999999994,0.034,0.013999999999999999,0.565,1.0
144,"Orange County, Texas",0.033,0.114,0.166,0.08800000000000001,0.20800000000000002,0.168,0.017,0.001,0.031,0.174,0.023,0.235,0.008,0.48100000000000004,0.107,0.156,0.7929999999999999,0.079,0.175,0.02,0.363,0.0
145,"Palo Pinto County, Texas",0.04,0.134,0.183,0.1,0.151,0.175,0.016,0.002,0.059000000000000004,0.312,0.09300000000000001,0.266,0.001,0.397,0.187,0.196,0.736,0.045,0.168,0.033,0.055,0.0
146,"Parker County, Texas",0.027000000000000003,0.14400000000000002,0.138,0.059000000000000004,0.275,0.289,0.015,0.003,0.048,0.094,0.025,0.18,0.002,0.591,0.154,0.154,0.818,0.121,0.161,0.01,0.146,0.0
147,"Pecos County, Texas",0.006999999999999999,0.174,0.185,0.17600000000000002,0.17800000000000002,0.115,0.006999999999999999,0.004,0.13699999999999998,0.136,0.039,0.299,0.003,0.418,0.156,0.126,0.242,0.063,0.177,0.003,0.179,0.0
148,"Polk County, Texas",0.047,0.19,0.177,0.129,0.166,0.131,0.015,0.001,0.051,0.309,0.028999999999999998,0.217,0.003,0.363,0.243,0.185,0.71,0.034,0.242,0.016,0.182,0.0
149,"Potter County, Texas",0.021,0.11800000000000001,0.218,0.16699999999999998,0.188,0.158,0.013000000000000001,0.002,0.156,0.11699999999999999,0.10099999999999999,0.44799999999999995,0.005,0.484,0.213,0.126,0.428,0.035,0.077,0.017,0.18899999999999997,0.0
150,"Presidio County, Texas",0.045,0.239,0.293,0.353,0.051,0.17800000000000002,0.0,0.0,0.43,0.34700000000000003,0.18100000000000002,0.38299999999999995,0.0,0.12,0.313,0.214,0.157,0.024,0.14300000000000002,0.009000000000000001,0.005,0.0
151,"Rains County, Texas",0.021,0.146,0.17600000000000002,0.053,0.132,0.188,0.011000000000000001,0.0,0.037000000000000005,0.204,0.032,0.21899999999999997,0.011000000000000001,0.502,0.142,0.23800000000000002,0.84,0.057,0.19,0.021,0.034,0.0
152,"Randall County, Texas",0.021,0.185,0.09699999999999999,0.07,0.21600000000000003,0.322,0.018000000000000002,0.003,0.053,0.08900000000000001,0.023,0.309,0.002,0.612,0.161,0.151,0.6920000000000001,0.069,0.064,0.017,0.28600000000000003,0.0
153,"Real County, Texas",0.006,0.11900000000000001,0.225,0.08900000000000001,0.073,0.16,0.015,0.0,0.019,0.508,0.124,0.239,0.004,0.11900000000000001,0.284,0.322,0.755,0.059000000000000004,0.265,0.038,0.179,0.0
154,"Red River County, Texas",0.021,0.192,0.161,0.17300000000000001,0.149,0.147,0.008,0.001,0.031,0.262,0.08,0.23600000000000002,0.013999999999999999,0.306,0.252,0.247,0.732,0.011000000000000001,0.15,0.01,0.057,0.0
155,"Reeves County, Texas",0.039,0.175,0.19699999999999998,0.125,0.22399999999999998,0.095,0.013000000000000001,0.018000000000000002,0.18,0.185,0.032,0.244,0.006999999999999999,0.165,0.142,0.122,0.226,0.037000000000000005,0.122,0.017,0.018000000000000002,0.0
156,"Refugio County, Texas",0.028999999999999998,0.196,0.165,0.11900000000000001,0.091,0.10400000000000001,0.002,0.0,0.015,0.33899999999999997,0.046,0.244,0.011000000000000001,0.31,0.248,0.223,0.40399999999999997,0.018000000000000002,0.11800000000000001,0.008,0.099,1.0
157,"Robertson County, Texas",0.053,0.23800000000000002,0.136,0.11,0.161,0.17800000000000002,0.01,0.008,0.045,0.253,0.075,0.247,0.005,0.355,0.17300000000000001,0.19899999999999998,0.561,0.045,0.184,0.009000000000000001,0.14400000000000002,0.0
158,"Rockwall County, Texas",0.025,0.142,0.08800000000000001,0.033,0.348,0.43799999999999994,0.021,0.004,0.08900000000000001,0.039,0.002,0.163,0.001,0.708,0.147,0.122,0.6829999999999999,0.17,0.044000000000000004,0.006999999999999999,0.154,0.0
159,"Runnels County, Texas",0.012,0.19,0.133,0.115,0.158,0.17600000000000002,0.009000000000000001,0.0,0.045,0.254,0.168,0.239,0.009000000000000001,0.33799999999999997,0.17300000000000001,0.207,0.603,0.028999999999999998,0.067,0.024,0.006,0.0
160,"Rusk County, Texas",0.034,0.138,0.154,0.084,0.207,0.16,0.011000000000000001,0.001,0.071,0.165,0.07,0.198,0.004,0.42200000000000004,0.182,0.163,0.626,0.06,0.188,0.012,0.132,0.0
161,"San Augustine County, Texas",0.052000000000000005,0.135,0.18899999999999997,0.17,0.158,0.121,0.017,0.0,0.045,0.342,0.07,0.275,0.017,0.258,0.13699999999999998,0.275,0.691,0.017,0.29600000000000004,0.019,0.128,0.0
162,"San Jacinto County, Texas",0.038,0.11599999999999999,0.196,0.132,0.193,0.14300000000000002,0.013999999999999999,0.001,0.069,0.307,0.019,0.191,0.003,0.392,0.179,0.217,0.736,0.028999999999999998,0.244,0.018000000000000002,0.138,0.0
163,"San Patricio County, Texas",0.025,0.155,0.165,0.132,0.192,0.166,0.013999999999999999,0.002,0.048,0.184,0.03,0.33299999999999996,0.015,0.457,0.14300000000000002,0.14800000000000002,0.37200000000000005,0.062,0.084,0.016,0.26899999999999996,1.0
164,"San Saba County, Texas",0.016,0.204,0.231,0.059000000000000004,0.14400000000000002,0.17,0.008,0.005,0.061,0.318,0.156,0.259,0.004,0.287,0.39799999999999996,0.235,0.631,0.034,0.099,0.035,0.037000000000000005,0.0
165,"Schleicher County, Texas",0.09300000000000001,0.18100000000000002,0.258,0.10300000000000001,0.21899999999999997,0.168,0.0,0.0,0.08,0.324,0.109,0.155,0.006999999999999999,0.311,0.134,0.22699999999999998,0.43,0.019,0.184,0.009000000000000001,0.027999999999999997,0.0
166,"Shackelford County, Texas",0.045,0.223,0.11699999999999999,0.086,0.188,0.32799999999999996,0.003,0.0,0.027999999999999997,0.204,0.17600000000000002,0.155,0.0,0.341,0.213,0.198,0.848,0.057999999999999996,0.077,0.012,0.125,0.0
167,"Shelby County, Texas",0.033,0.141,0.20600000000000002,0.188,0.185,0.142,0.017,0.0,0.08,0.226,0.066,0.248,0.006,0.273,0.23600000000000002,0.17300000000000001,0.61,0.034,0.306,0.01,0.021,0.0
168,"Smith County, Texas",0.03,0.138,0.172,0.09699999999999999,0.218,0.28,0.013999999999999999,0.004,0.09300000000000001,0.155,0.034,0.325,0.004,0.523,0.187,0.165,0.589,0.067,0.113,0.008,0.24100000000000002,0.0
169,"Somervell County, Texas",0.032,0.115,0.14300000000000002,0.064,0.257,0.282,0.005,0.0,0.053,0.17300000000000001,0.076,0.185,0.003,0.532,0.21899999999999997,0.188,0.777,0.062,0.19899999999999998,0.002,0.08199999999999999,0.0
170,"Starr County, Texas",0.07,0.22699999999999998,0.33799999999999997,0.301,0.226,0.12300000000000001,0.003,0.006,0.266,0.175,0.016,0.257,0.006999999999999999,0.188,0.28,0.114,0.032,0.022000000000000002,0.098,0.013000000000000001,0.015,0.0
171,"Stephens County, Texas",0.036000000000000004,0.185,0.192,0.122,0.14300000000000002,0.18600000000000003,0.015,0.01,0.057999999999999996,0.27699999999999997,0.11900000000000001,0.228,0.0,0.337,0.304,0.192,0.698,0.040999999999999995,0.106,0.024,0.048,0.0
172,"Sutton County, Texas",0.026000000000000002,0.221,0.172,0.128,0.28600000000000003,0.192,0.006,0.0,0.131,0.345,0.129,0.319,0.013000000000000001,0.488,0.142,0.16899999999999998,0.285,0.008,0.188,0.03,0.049,0.0
173,"Swisher County, Texas",0.031,0.268,0.217,0.20800000000000002,0.20199999999999999,0.163,0.016,0.003,0.131,0.18899999999999997,0.125,0.28,0.008,0.326,0.247,0.183,0.44,0.012,0.075,0.004,0.069,0.0
174,"Tarrant County, Texas",0.035,0.11,0.168,0.084,0.225,0.33399999999999996,0.021,0.006,0.163,0.07200000000000001,0.03,0.402,0.003,0.645,0.18600000000000003,0.114,0.44799999999999995,0.094,0.019,0.01,0.33399999999999996,0.0
175,"Taylor County, Texas",0.017,0.156,0.14800000000000002,0.096,0.19399999999999998,0.27899999999999997,0.026000000000000002,0.006999999999999999,0.067,0.11699999999999999,0.063,0.40700000000000003,0.004,0.544,0.172,0.14400000000000002,0.62,0.040999999999999995,0.05,0.016,0.16,0.0
176,"Terrell County, Texas",0.0,0.239,0.106,0.0,0.10300000000000001,0.20600000000000002,0.0,0.0,0.008,0.373,0.401,0.049,0.013999999999999999,0.193,0.282,0.29100000000000004,0.418,0.0,0.052000000000000005,0.043,0.006999999999999999,0.0
177,"Terry County, Texas",0.047,0.113,0.221,0.179,0.131,0.11699999999999999,0.006999999999999999,0.0,0.084,0.149,0.026000000000000002,0.368,0.004,0.39,0.174,0.14800000000000002,0.409,0.026000000000000002,0.08199999999999999,0.015,0.011000000000000001,0.0
178,"Titus County, Texas",0.031,0.153,0.187,0.131,0.226,0.16899999999999998,0.016,0.001,0.195,0.114,0.021,0.319,0.006999999999999999,0.426,0.201,0.14,0.436,0.026000000000000002,0.153,0.011000000000000001,0.1,0.0
179,"Tom Green County, Texas",0.023,0.18,0.133,0.08,0.188,0.251,0.027000000000000003,0.004,0.054000000000000006,0.122,0.057999999999999996,0.33799999999999997,0.006,0.478,0.177,0.154,0.516,0.039,0.057999999999999996,0.024,0.223,0.0
180,"Travis County, Texas",0.031,0.153,0.124,0.075,0.201,0.527,0.033,0.01,0.174,0.065,0.022000000000000002,0.467,0.003,0.675,0.198,0.1,0.48100000000000004,0.141,0.033,0.009000000000000001,0.457,0.0
181,"Trinity County, Texas",0.039,0.21899999999999997,0.193,0.141,0.111,0.134,0.006999999999999999,0.003,0.040999999999999995,0.28800000000000003,0.055,0.27399999999999997,0.026000000000000002,0.355,0.21899999999999997,0.259,0.773,0.019,0.316,0.027999999999999997,0.56,0.0
182,"Tyler County, Texas",0.071,0.185,0.18899999999999997,0.121,0.141,0.14800000000000002,0.026000000000000002,0.001,0.034,0.317,0.04,0.19399999999999998,0.0,0.34700000000000003,0.23199999999999998,0.218,0.784,0.026000000000000002,0.20600000000000002,0.028999999999999998,0.034,0.0
183,"Upshur County, Texas",0.027000000000000003,0.121,0.16,0.109,0.209,0.17300000000000001,0.016,0.001,0.036000000000000004,0.157,0.047,0.226,0.006,0.455,0.223,0.18100000000000002,0.797,0.039,0.201,0.013999999999999999,0.055,0.0
184,"Uvalde County, Texas",0.028999999999999998,0.19899999999999998,0.18899999999999997,0.16399999999999998,0.16699999999999998,0.184,0.013999999999999999,0.005,0.11599999999999999,0.18,0.061,0.289,0.01,0.315,0.196,0.162,0.25,0.036000000000000004,0.151,0.018000000000000002,0.17600000000000002,0.0
185,"Val Verde County, Texas",0.025,0.257,0.214,0.141,0.23800000000000002,0.196,0.025,0.019,0.222,0.128,0.04,0.34700000000000003,0.011000000000000001,0.396,0.18100000000000002,0.139,0.14400000000000002,0.02,0.098,0.015,0.145,0.0
186,"Van Zandt County, Texas",0.02,0.152,0.172,0.08900000000000001,0.19399999999999998,0.177,0.008,0.005,0.035,0.126,0.034,0.20600000000000002,0.006999999999999999,0.429,0.16699999999999998,0.201,0.8270000000000001,0.052000000000000005,0.21100000000000002,0.01,0.11199999999999999,0.0
187,"Victoria County, Texas",0.028999999999999998,0.126,0.16699999999999998,0.11800000000000001,0.188,0.19399999999999998,0.006999999999999999,0.002,0.065,0.115,0.040999999999999995,0.33399999999999996,0.001,0.47,0.16,0.16,0.43200000000000005,0.05,0.12,0.013999999999999999,0.192,1.0
188,"Walker County, Texas",0.021,0.33399999999999996,0.14300000000000002,0.132,0.153,0.201,0.019,0.003,0.07400000000000001,0.152,0.018000000000000002,0.466,0.005,0.48200000000000004,0.242,0.132,0.5589999999999999,0.025,0.209,0.02,0.171,0.0
189,"Waller County, Texas",0.027000000000000003,0.17600000000000002,0.19699999999999998,0.065,0.233,0.252,0.009000000000000001,0.006999999999999999,0.11800000000000001,0.095,0.016,0.28300000000000003,0.003,0.525,0.23399999999999999,0.11699999999999999,0.423,0.086,0.21,0.016,0.251,0.0
190,"Ward County, Texas",0.037000000000000005,0.171,0.149,0.134,0.26899999999999996,0.109,0.023,0.0,0.09300000000000001,0.156,0.032,0.22,0.019,0.33,0.13,0.136,0.382,0.033,0.15,0.001,0.008,0.0
191,"Washington County, Texas",0.028999999999999998,0.19,0.142,0.069,0.161,0.281,0.011000000000000001,0.006,0.06,0.172,0.08,0.273,0.006999999999999999,0.431,0.16699999999999998,0.21600000000000003,0.627,0.092,0.115,0.012,0.16899999999999998,0.0
192,"Webb County, Texas",0.036000000000000004,0.17300000000000001,0.28600000000000003,0.203,0.28,0.19399999999999998,0.004,0.01,0.252,0.09300000000000001,0.031,0.373,0.01,0.527,0.26,0.094,0.033,0.038,0.091,0.012,0.146,0.0
193,"Wharton County, Texas",0.036000000000000004,0.15,0.19,0.10099999999999999,0.20199999999999999,0.18600000000000003,0.001,0.004,0.08800000000000001,0.133,0.08199999999999999,0.33799999999999997,0.004,0.41700000000000004,0.198,0.16899999999999998,0.434,0.039,0.10300000000000001,0.043,0.244,0.0
194,"Wheeler County, Texas",0.024,0.155,0.21600000000000003,0.132,0.179,0.174,0.024,0.0,0.091,0.259,0.19399999999999998,0.285,0.003,0.23800000000000002,0.21,0.19699999999999998,0.691,0.032,0.092,0.05,0.025,0.0
195,"Wichita County, Texas",0.027000000000000003,0.175,0.149,0.109,0.168,0.231,0.055,0.008,0.057999999999999996,0.133,0.08900000000000001,0.387,0.008,0.498,0.17300000000000001,0.146,0.64,0.036000000000000004,0.043,0.02,0.21,0.0
196,"Wilbarger County, Texas",0.053,0.226,0.126,0.139,0.175,0.153,0.013000000000000001,0.0,0.061,0.222,0.218,0.374,0.038,0.42700000000000005,0.235,0.17800000000000002,0.563,0.006999999999999999,0.071,0.01,0.16699999999999998,0.0
197,"Willacy County, Texas",0.043,0.154,0.29100000000000004,0.23600000000000002,0.187,0.096,0.003,0.001,0.132,0.213,0.033,0.331,0.012,0.23,0.185,0.138,0.10300000000000001,0.016,0.107,0.02,0.133,1.0
198,"Williamson County, Texas",0.032,0.14400000000000002,0.096,0.045,0.285,0.44799999999999995,0.033,0.006,0.136,0.048,0.013999999999999999,0.322,0.003,0.718,0.17600000000000002,0.122,0.5710000000000001,0.124,0.022000000000000002,0.01,0.379,0.0
199,"Wilson County, Texas",0.024,0.185,0.13,0.068,0.302,0.24,0.015,0.002,0.044000000000000004,0.098,0.026000000000000002,0.135,0.003,0.5539999999999999,0.16,0.158,0.5539999999999999,0.099,0.25,0.009000000000000001,0.19399999999999998,0.0
200,"Wise County, Texas",0.03,0.114,0.17300000000000001,0.076,0.254,0.187,0.009000000000000001,0.001,0.073,0.111,0.035,0.191,0.008,0.541,0.182,0.15,0.752,0.075,0.256,0.009000000000000001,0.207,0.0
201,"Wood County, Texas",0.022000000000000002,0.155,0.159,0.1,0.146,0.204,0.02,0.001,0.040999999999999995,0.2,0.037000000000000005,0.184,0.013999999999999999,0.40299999999999997,0.231,0.265,0.8140000000000001,0.047,0.171,0.006,0.111,0.0
202,"Yoakum County, Texas",0.023,0.175,0.247,0.083,0.337,0.10800000000000001,0.0,0.0,0.2,0.11,0.027000000000000003,0.298,0.0,0.386,0.040999999999999995,0.09,0.28800000000000003,0.10300000000000001,0.15,0.0,0.16399999999999998,0.0
203,"Young County, Texas",0.019,0.177,0.184,0.102,0.171,0.257,0.015,0.003,0.077,0.135,0.057999999999999996,0.278,0.013999999999999999,0.38299999999999995,0.254,0.204,0.77,0.035,0.08,0.01,0.067,0.0
204,"Zapata County, Texas",0.046,0.228,0.26,0.276,0.179,0.11900000000000001,0.001,0.004,0.21100000000000002,0.289,0.017,0.261,0.0,0.276,0.17300000000000001,0.133,0.034,0.032,0.253,0.009000000000000001,0.031,0.0
205,"Zavala County, Texas",0.021,0.19399999999999998,0.141,0.20600000000000002,0.152,0.14800000000000002,0.002,0.0,0.054000000000000006,0.145,0.069,0.292,0.006,0.126,0.175,0.14800000000000002,0.054000000000000006,0.011000000000000001,0.281,0.002,0.054000000000000006,0.0
